<?xml version="1.0" encoding="UTF-8"?>
<project-private xmlns="http://www.netbeans.org/ns/project-private/1">
    <editor-bookmarks xmlns="http://www.netbeans.org/ns/editor-bookmarks/2" lastBookmarkId="0"/>
    <open-files xmlns="http://www.netbeans.org/ns/projectui-open-files/2">
        <group>
            <file>file:/C:/Users/antai/Desktop/2020%20SUMMER/2361%20LAB/HU000318_lab4a.X/HU000318_Lab4a_main.c</file>
            <file>file:/C:/Users/antai/Desktop/2020%20SUMMER/2361%20LAB/HU000318_lab4a.X/Hu000318_lab3a_asmLib_v001.s</file>
        </group>
    </open-files>
</project-private>
